{"coverage": 89.24731182795699, "raw_data": {"meta": {"format": 2, "version": "7.5.2", "timestamp": "2024-05-28T15:20:24.994437", "branch_coverage": false, "show_contexts": false}, "files": {"src/redis_redirect/aioredis_wrapper.py": {"executed_lines": [1, 2, 3, 4, 5, 7, 9, 10, 12, 15, 16, 21, 23, 26, 27, 28, 29, 33, 36, 39, 40, 41, 42, 46, 47, 49, 51, 52, 53, 54, 55, 60, 61, 62, 63, 66, 67, 68, 71, 72, 73, 76, 79, 85], "summary": {"covered_lines": 43, "num_statements": 48, "percent_covered": 89.58333333333333, "percent_covered_display": "90", "missing_lines": 5, "excluded_lines": 0}, "missing_lines": [45, 69, 81, 82, 86], "excluded_lines": []}, "src/redis_redirect/redis_wrapper.py": {"executed_lines": [1, 2, 3, 5, 6, 8, 9, 11, 14, 15, 20, 22, 25, 26, 27, 28, 30, 33, 36, 37, 38, 39, 43, 44, 46, 48, 49, 50, 51, 52, 57, 58, 59, 60, 61, 62, 63, 66, 67, 71, 77], "summary": {"covered_lines": 40, "num_statements": 45, "percent_covered": 88.88888888888889, "percent_covered_display": "89", "missing_lines": 5, "excluded_lines": 0}, "missing_lines": [42, 64, 68, 78, 79], "excluded_lines": []}}, "totals": {"covered_lines": 83, "num_statements": 93, "percent_covered": 89.24731182795699, "percent_covered_display": "89", "missing_lines": 10, "excluded_lines": 0}}, "coverage_path": "."}